{"cameraMode":{"drawMode":0,"name":"Shaded","section":"Shading Mode"},"sceneLighting":false,"audioPlay":false,"sceneViewState":{"m_AlwaysRefresh":false,"showFog":true,"showSkybox":false,"showFlares":true,"showImageEffects":true,"showParticleSystems":true,"showVisualEffectGraphs":true,"m_FxEnabled":true},"in2DMode":false,"pivot":{"x":4.7747931480407719,"y":2.6566004753112795,"z":0.06809251755475998},"rotation":{"x":-0.028026459738612176,"y":0.6566717028617859,"z":0.02443358115851879,"w":0.7532666325569153},"size":3.324744701385498,"orthographic":false}