{"cameraMode":{"drawMode":0,"name":"Shaded","section":"Shading Mode"},"sceneLighting":false,"audioPlay":false,"sceneViewState":{"m_AlwaysRefresh":false,"showFog":true,"showSkybox":false,"showFlares":true,"showImageEffects":true,"showParticleSystems":true,"showVisualEffectGraphs":true,"m_FxEnabled":true},"in2DMode":false,"pivot":{"x":-0.2659989893436432,"y":0.8119890689849854,"z":0.13132840394973756},"rotation":{"x":0.20865361392498017,"y":0.03225589543581009,"z":-0.0069288285449147228,"w":0.9774717092514038},"size":1.007068157196045,"orthographic":false}