{"cameraMode":{"drawMode":0,"name":"Shaded","section":"Shading Mode"},"sceneLighting":false,"audioPlay":false,"sceneViewState":{"m_AlwaysRefresh":false,"showFog":true,"showSkybox":false,"showFlares":true,"showImageEffects":true,"showParticleSystems":true,"showVisualEffectGraphs":true,"m_FxEnabled":true},"in2DMode":false,"pivot":{"x":-7.76206111907959,"y":1.4601342678070069,"z":0.9041794538497925},"rotation":{"x":0.01009234506636858,"y":0.8219926357269287,"z":0.014529699459671975,"w":-0.5692599415779114},"size":1.4210503101348878,"orthographic":false}