{"cameraMode":{"drawMode":0,"name":"Shaded","section":"Shading Mode"},"sceneLighting":false,"audioPlay":false,"sceneViewState":{"m_AlwaysRefresh":false,"showFog":true,"showSkybox":false,"showFlares":true,"showImageEffects":true,"showParticleSystems":true,"showVisualEffectGraphs":true,"m_FxEnabled":true},"in2DMode":false,"pivot":{"x":-2.96231746673584,"y":1.3629181385040284,"z":-5.658597946166992},"rotation":{"x":0.0011122265132144094,"y":0.9956079125404358,"z":-0.09316904097795487,"w":0.012249181047081948},"size":1.3070679903030396,"orthographic":false}