{"cameraMode":{"drawMode":0,"name":"Shaded","section":"Shading Mode"},"sceneLighting":false,"audioPlay":false,"sceneViewState":{"m_AlwaysRefresh":false,"showFog":true,"showSkybox":false,"showFlares":true,"showImageEffects":true,"showParticleSystems":true,"showVisualEffectGraphs":true,"m_FxEnabled":true},"in2DMode":false,"pivot":{"x":0.03789997100830078,"y":0.10000000894069672,"z":0.10199999809265137},"rotation":{"x":0.011647569015622139,"y":-0.5370573401451111,"z":0.007418467663228512,"w":0.8434346318244934},"size":0.7736037373542786,"orthographic":false}